Source,Target,Weight
Gurevich2025PrimalLogicofInfo,Aamer2023InputsOutputsand,0.2727272727272727
Becker2024ComputationalDesign,Huang2023GEOAComputational,0.26666666666666666
Becker2024ComputationalDesign,Javadi2023AComprehensiveMode,0.29411764705882354
Shen2024ComputationallyHard,Wang2023WitnessesforAnswer,0.3076923076923077
Zhou2023ComputationalDesign,Montes2020Computationaldesign,0.3333333333333333
Zhou2023ComputationalDesign,Pellis2021Computationaldesign,0.3333333333333333
Aamer2023InputsOutputsand,Cavalcanti2020InputsandOutputsi,0.36363636363636365
Vidulis2023ComputationalExplor,Zhang2021ComputationalDesign,0.3
Tang2023BeyondChainmailCo,Chen2022Computationaldesign,0.25
Pelnek2023TheLandscapeofCom,Bleyer2020AutomatingtheFormu,0.26666666666666666
Pelnek2023TheLandscapeofCom,Denning2021Computationalthinki,0.2727272727272727
Wareham2023SwarmControlforDi,Liu2022TrustworthyAIACo,0.2727272727272727
Michaud2022DesignThinkingand,Carta2020Machinelearningand,0.2857142857142857
Mooij2022AComputationalFram,Yan2022AComputationalFram,0.22222222222222224
Wu2022ComputationalMirror,Liu2019Computationalpeelin,0.25
Mike2022Computationalthinki,Kutay2022CodingwithMinecraf,0.21333333333333335
Mike2022Computationalthinki,Hughes2019Thelawsofthought,0.25
Mike2022Computationalthinki,Kirkpatrick2019Theedgeofcomputat,0.3
Mike2022Computationalthinki,Frauenberger2019Waysofthinkingin,0.3
Kodnongbua2022Computationaldesign,Zhang2019Computationaldesign,0.42857142857142855
Kodnongbua2022Computationaldesign,Zhang2021ComputationalDesign,0.3333333333333333
Kodnongbua2022Computationaldesign,Montes2020Computationaldesign,0.42857142857142855
Chen2022Computationaldesign,Zhang2021ComputationalDesign,0.2727272727272727
Yan2022AComputationalFram,Mooij2022AComputationalFram,0.22222222222222224
Kutay2022CodingwithMinecraf,Mike2022Computationalthinki,0.21333333333333335
Podder2022ZeroOneLawsforEx,Gajarsk2020FirstOrderInterpre,0.26666666666666666
Grdel2022LogicswithMultitea,Kiefer2021GraphsIdentifiedby,0.25
Jones2021ComputationalDesign,Zhang2019Computationaldesign,0.42857142857142855
Zhang2021Jointcomputational,Auzinger2018Computationaldesign,0.25
Denning2021Computationalthinki,Yaar2018Anewperspectiveon,0.25
Denning2021Computationalthinki,Tissenbaum2019Fromcomputationalt,0.2857142857142857
Denning2021Computationalthinki,Fan2019Distributedstrategi,0.2857142857142857
Panetta2021Computationalinvers,Auzinger2018Computationaldesign,0.25
Lopes2021ReasoningaboutPetr,Tomovi2020AFirstorderLogic,0.29411764705882354
Demri2021TheEffectsofAddin,Echenim2020TheBernaysSchnfin,0.29411764705882354
Gavriil2020Computationaldesign,Auzinger2018Computationaldesign,0.25
Baldan2020ModelCheckingaLog,Bozzelli2018IntervalvsPointT,0.2727272727272727
Montes2020Computationaldesign,Liu2019Computationalpeelin,0.2857142857142857
Carta2020Machinelearningand,Zhang2019Computationaldesign,0.25
Iseringhausen2020ComputationalParque,Lamb2018EvaluatingComputati,0.25
Carreiro2020ThePoweroftheWea,Kirkpatrick2019Theedgeofcomputat,0.2857142857142857
Guzdial2019Computationalthinki,Heintz2018Computationalthinki,0.25
Wang2026Adeepneuralnetwor,Zhu2026PhysicsSolverTrans,0.2782608695652174
zarslan2026Thegeneralizationo,Wang2026Phasetransitionin,0.2923076923076923
zarslan2026Thegeneralizationo,Ji2026Scenariotreereduct,0.23529411764705885
zarslan2026Thegeneralizationo,Halder2026Solvabilityanditer,0.256
Zhang2026Observerbasedrobus,DellAccio2026mmlmathxmlnsmml,0.20317460317460317
Wang2026Temporalerrorestim,Li2026Temporalerroranaly,0.3076923076923077
Taleshian2026Applicationoffract,Aghaei2026AnewChebyshevoper,0.2206896551724138
Das2026Codesequippedwith,Behera2026mmlmathxmlnsmml,0.29767441860465116
Das2026Codesequippedwith,Wang2026Phasetransitionin,0.22857142857142856
Nwaigwe2026Efficienthighorder,Naseem2026Ahighefficiencyfo,0.21052631578947367
Ji2026Scenariotreereduct,zarslan2026Thegeneralizationo,0.23529411764705885
Djuki2026Interpolationofmm,Apai2026QuantumHermiteHada,0.32000000000000006
Djuki2026Interpolationofmm,Behera2026mmlmathxmlnsmml,0.3282051282051282
Djuki2026Interpolationofmm,Wang2026Phasetransitionin,0.26666666666666666
Zhang2026Exploringtheimpact,Zhao2025Analyzetheimpacto,0.25806451612903225
Lin2026Exploringtheimpact,Xue2025Theimpactofcolleg,0.2727272727272727
Hu2026Feedbackcontroller,Halder2026Solvabilityanditer,0.25660377358490566
Auricchio2026Onthecomputationo,Winiewska2026Onthecognitiveme,0.2
Apai2026QuantumHermiteHada,Djuki2026Interpolationofmm,0.32000000000000006
Sajidin2026Fosteringcriticalt,Chao2025Applyingthecuriosi,0.25
Cai2026Theroleofuncertai,Huang2025Theapplicationand,0.2631578947368421
Aghaei2026AnewChebyshevoper,Taleshian2026Applicationoffract,0.2206896551724138
DellAccio2026mmlmathxmlnsmml,Zhang2026Observerbasedrobus,0.20317460317460317
DellAccio2026mmlmathxmlnsmml,Wang2026Phasetransitionin,0.25263157894736843
DellAccio2026mmlmathxmlnsmml,Kapl2026Ammlmathxmlnsmm,0.31666666666666665
Lee2026Fastautoregressive,Behera2026mmlmathxmlnsmml,0.22857142857142856
Lee2026Fastautoregressive,Dey2026Classicalandobject,0.23076923076923075
Ma2026Theimpactofteache,Mansour2026Exploringtheimpact,0.22857142857142856
Wang2026Theintegrationoft,Zhang2025Anempiricalanalysi,0.2916666666666667
Halder2026Solvabilityanditer,Muoi2026Learningawaterqua,0.22857142857142856
Halder2026Solvabilityanditer,Wang2026Phasetransitionin,0.24516129032258066
Halder2026Solvabilityanditer,Hu2026Feedbackcontroller,0.25660377358490566
Halder2026Solvabilityanditer,zarslan2026Thegeneralizationo,0.256
Winiewska2026Onthecognitiveme,Auricchio2026Onthecomputationo,0.2
Wang2026Phasetransitionin,zarslan2026Thegeneralizationo,0.2923076923076923
Wang2026Phasetransitionin,Kapl2026Ammlmathxmlnsmm,0.2064516129032258
Wang2026Phasetransitionin,DellAccio2026mmlmathxmlnsmml,0.25263157894736843
Wang2026Phasetransitionin,Halder2026Solvabilityanditer,0.24516129032258066
Wang2026Phasetransitionin,Djuki2026Interpolationofmm,0.26666666666666666
Wang2026Phasetransitionin,Das2026Codesequippedwith,0.22857142857142856
Muoi2026Learningawaterqua,Halder2026Solvabilityanditer,0.22857142857142856
Li2026Temporalerroranaly,Ding2026Thelargetimestep,0.22400000000000003
Li2026Temporalerroranaly,Wang2026Temporalerrorestim,0.3076923076923077
Behera2026mmlmathxmlnsmml,Das2026Codesequippedwith,0.29767441860465116
Behera2026mmlmathxmlnsmml,Lee2026Fastautoregressive,0.22857142857142856
Behera2026mmlmathxmlnsmml,Djuki2026Interpolationofmm,0.3282051282051282
Mansour2026Exploringtheimpact,Ma2026Theimpactofteache,0.22857142857142856
Mansour2026Exploringtheimpact,Cao2025Predictionandoptim,0.2916666666666667
Dey2026Classicalandobject,Wang2026Themmlmathxmlns,0.24406779661016953
Dey2026Classicalandobject,Lee2026Fastautoregressive,0.23076923076923075
Kapl2026Ammlmathxmlnsmm,Wang2026Phasetransitionin,0.2064516129032258
Kapl2026Ammlmathxmlnsmm,DellAccio2026mmlmathxmlnsmml,0.31666666666666665
Ding2026Thelargetimestep,Li2026Temporalerroranaly,0.22400000000000003
Zhu2026PhysicsSolverTrans,Wang2026Adeepneuralnetwor,0.2782608695652174
Naseem2026Ahighefficiencyfo,Nwaigwe2026Efficienthighorder,0.21052631578947367
Wang2026Themmlmathxmlns,Dey2026Classicalandobject,0.24406779661016953
Huang2026Researchondefectd,Lv2025Researchonrealtim,0.25
Guo2025Researchonconstruc,Liu2025Designofnetworkac,0.20869565217391306
Guo2025Researchonconstruc,Shen2025Researchonsynchron,0.2
Zhu2025AIpoweredfeedback,Wang2025Optimizingfeedback,0.26666666666666666
Nie2025Dynamicoptimization,Zhang2025Dynamicmodelingand,0.22857142857142856
Lu2025Researchontheopti,Cao2025Innovationandentre,0.2545454545454546
Ma2025Researchonconstruc,Tao2025Designandapplicati,0.26666666666666666
Ma2025Researchonconstruc,Xia2025Designandapplicati,0.25263157894736843
Lv2025Researchonrealtim,Kuang2025Automatedoptimizati,0.20869565217391306
Lv2025Researchonrealtim,Xu2025Assessmentandenhan,0.22400000000000003
Song2025Optimizationofente,Yang2025Optimizationofente,0.21052631578947367
Wei2025Bigdatasentimenta,Hu2025Constructionandapp,0.22857142857142856
Wei2025Bigdatasentimenta,Wang2025Thedesignandimple,0.21818181818181817
Wei2025Bigdatasentimenta,He2025Researchonoptimiza,0.3272727272727273
Wei2025Bigdatasentimenta,Wang2025OptimizationofEngl,0.27999999999999997
Wu2025Applicationandprac,Zhang2025Artificialneuralne,0.2
Wu2025Applicationandprac,Wu2025Theapplicationofa,0.32000000000000006
Wu2025Applicationandprac,Zhang2025Researchontheappl,0.21052631578947367
Wu2025Applicationandprac,Pei2025Developmentandappl,0.25
Wu2025Applicationandprac,Dong2025Artificialintellige,0.28571428571428575
Wu2025Applicationandprac,Li2025Applicationofartif,0.49230769230769234
Zhang2025Autismemotionrecog,Gao2025Loadforecastingmet,0.25
Zhang2025Autismemotionrecog,Zhou2025Thefeaturedeepfus,0.4
Zhang2025Autismemotionrecog,Zhao2025Constructionoftrad,0.21818181818181817
Guo2025TheapplicationofS,Huang2025Theapplicationand,0.21052631578947367
An2025Designandimplement,Liu2025Visualanalysisand,0.2
Li2025Researchonoptimal,Zheng2025Researchonautomati,0.24347826086956526
Shen2025Researchonsynchron,Zhang2025Researchonsimulati,0.20869565217391306
Shen2025Researchonsynchron,Guo2025Researchonconstruc,0.2
Liu2025Researchonemotion,Jiao2025Researchonarchitec,0.2
Zhong2025Evaluationandoptim,Ye2025Optimizationstrateg,0.25
Zhong2025Evaluationandoptim,Li2025Applicationandimpr,0.2545454545454546
Zhong2025Evaluationandoptim,Li2025Intelligentmanageme,0.2
Cao2025Predictionandoptim,Liu2025Researchonsemantic,0.20869565217391306
Cao2025Predictionandoptim,Wang2025Researchonforeste,0.22400000000000003
Cao2025Predictionandoptim,Xie2025Digitalprotectiona,0.23333333333333336
Gao2025Designandresearch,Shen2025Performanceoptimiza,0.24615384615384617
Gao2025Designandresearch,Hu2025Designofexothermic,0.22400000000000003
Yu2025Applicationandopti,Liu2025Visualanalysisand,0.2
Dong2025Constructionofmode,Bai2025Characteristicsanal,0.26666666666666666
Hua2025Deeplearninginphy,Xu2025Emotionclassificati,0.2
Fan2025Researchonintellig,Yang2025Vulnerabilityevalua,0.2074074074074074
Li2025Designofonlinetea,Zheng2025Dynamicinteraction,0.20869565217391306
Li2025Designofonlinetea,Hu2025Designofexothermic,0.2
Li2025Designofonlinetea,Xia2025Designandapplicati,0.2
Li2025Designofonlinetea,Liu2025Optimizationandcom,0.26666666666666666
Li2025Designofonlinetea,Zheng2025Robusttechnologyof,0.21052631578947367
Gao2025ExplorationofEngli,Zhang2025Developmentofeduca,0.22857142857142856
Gao2025ExplorationofEngli,Yuan2025Ethicalandlegalis,0.28235294117647064
Ni2025Intelligenttourism,Nie2025MapReducebaseddata,0.22857142857142856
Fan2025Astudyonthedrivi,Feng2025Impactofeconomicp,0.2
Xu2025Theconstructionand,Bai2025Constructionofinfo,0.25263157894736843
Xu2025Theconstructionand,Cong2025Visualmodelconstru,0.20869565217391306
McCarley2025AComputationalCogn,Williams2023AComputationalMode,0.26666666666666666
McCarley2025AComputationalCogn,Liu2024PerceptualQualityA,0.26666666666666666
Xu2025Explorationofdigit,Xie2025Digitalprotectiona,0.2
Xu2025Explorationofdigit,Meng2025Researchonadaptive,0.2571428571428572
Zhao2025Constructionoftrad,Li2025Optimizationofstud,0.2
Zhao2025Constructionoftrad,Zhang2025Autismemotionrecog,0.21818181818181817
Liu2025Behavioranalysisan,Zhang2025Anempiricalanalysi,0.2153846153846154
Liu2025Behavioranalysisan,Bai2025Characteristicsanal,0.2571428571428572
Guan2025Transformationanda,Huang2025Theapplicationand,0.22222222222222224
Yang2025Effectivenessofcom,Deng2025Theworkanalysisof,0.22222222222222224
Zhu2025Theroleandprospec,Li2025Applicationofartif,0.22222222222222224
Zhang2025Developmentandappl,Liu2025Researchonthecons,0.20869565217391306
Zhang2025Developmentandappl,Yang2025Researchonundergro,0.20869565217391306
Zhi2025Universityfinancial,Tu2025Enterprisefinancial,0.2
Zhang2025Edgedevicecomputin,Chang2025Commoditypackaging,0.2
Bai2025Characteristicsanal,He2025Researchonoptimiza,0.2
Bai2025Characteristicsanal,Dong2025Constructionofmode,0.26666666666666666
Bai2025Characteristicsanal,Liu2025Behavioranalysisan,0.2571428571428572
Cheng2025DilemmaofcollegeE,Zhao2025Trendandfuturepro,0.25263157894736843
Cheng2025DilemmaofcollegeE,Sun2025Evaluationoftraini,0.21818181818181817
Cheng2025DilemmaofcollegeE,Liu2025Constructionofuniv,0.22857142857142856
Cheng2025DilemmaofcollegeE,Guo2025Musiccultureinheri,0.22857142857142856
Arkin2025Phonemeconfusionmo,Meng2025Researchonadaptive,0.20869565217391306
Jiang2025Constructionandapp,Yang2025Automatedconstructi,0.2
Liu2025Optimizinggridresi,Fu2025Advancementsindigi,0.22857142857142856
Zhang2025Developmentofeduca,Gao2025ExplorationofEngli,0.22857142857142856
Li2025Seismicdesignmetho,Liu2025Curriculumdesignme,0.21052631578947367
Liu2025Researchonautomati,Liu2025Researchonsemantic,0.23333333333333336
Ni2025Applicationresearch,Zheng2025Controlschemeofgr,0.2
Hu2025Constructionandapp,Tang2025CollegeEnglishclas,0.26666666666666666
Hu2025Constructionandapp,Wei2025Bigdatasentimenta,0.22857142857142856
Hu2025Constructionandapp,Meng2025Researchonadaptive,0.20869565217391306
Hu2025Constructionandapp,Ye2025Educationalapplicat,0.24
Hu2025Constructionandapp,Li2025Intelligentmanageme,0.2
Liu2025Optimizationandcom,Hu2025Designofasecuree,0.2
Liu2025Optimizationandcom,Gao2025Designandperforman,0.20869565217391306
Liu2025Optimizationandcom,Li2025Designofonlinetea,0.26666666666666666
Xia2025Designandapplicati,Li2025Designofonlinetea,0.2
Xia2025Designandapplicati,Hu2025Designofasecuree,0.22857142857142856
Xia2025Designandapplicati,Zhan2025Designandapplicati,0.2
Xia2025Designandapplicati,Ma2025Researchonconstruc,0.25263157894736843
Liu2025Researchononlinep,Wei2025Evaluationanalysis,0.24
Zhang2025Naturallanguagepro,Dong2025Artificialintellige,0.21052631578947367
Zhang2025Naturallanguagepro,Bai2025Artificialintellige,0.22222222222222224
Zhang2025Researchonsimulati,Shen2025Researchonsynchron,0.20869565217391306
Zhang2025Technologyandimple,Zheng2025Robusttechnologyof,0.21818181818181817
Zhang2025Deeplearningbased,Zhang2025Dynamicposerecogni,0.2
Chen2025Theapplicationofc,Li2025Theapplicationofd,0.2
Chen2025Theapplicationofc,Xu2025Applicationofartif,0.22857142857142856
Ji2025Theevaluationofte,Lin2025Sentimentanalysisa,0.2
Ji2025Theevaluationofte,Liu2025StudyonEnglishlea,0.2
Li2025Applicationandimpr,Zhong2025Evaluationandoptim,0.2545454545454546
Li2025Applicationandimpr,He2025Researchonoptimiza,0.2153846153846154
Wei2025Evaluationanalysis,Liu2025Researchononlinep,0.24
Wei2025Evaluationanalysis,Wang2025Studyontheeffect,0.20869565217391306
Wei2025Evaluationanalysis,Xie2025Individualizedcolle,0.21333333333333335
Wei2025Evaluationanalysis,Liu2025Constructionofuniv,0.2
Wei2025Evaluationanalysis,Wu2025Theconstructionof,0.2
Wei2025Evaluationanalysis,Yi2025Analysisofstudents,0.22222222222222224
Wei2025Evaluationanalysis,Yang2025Designandcategory,0.2
Wei2025Evaluationanalysis,Guo2025SimulationofChines,0.20869565217391306
Wei2025Evaluationanalysis,Li2025Pathoptimizationde,0.21052631578947367
Lan2025Theinnovationofcu,Wang2025Designofautonomous,0.21052631578947367
Lan2025Theinnovationofcu,Pei2025Developmentandappl,0.21052631578947367
Zhang2025Anempiricalanalysi,Liu2025Behavioranalysisan,0.2153846153846154
Wang2025Imagefusionbaseds,Fan2025Remotesensingimage,0.26666666666666666
Wang2025Danceactionrecogni,Zhou2025Improvingstudents,0.22857142857142856
Wang2025Danceactionrecogni,Yang2025Shortvideocontent,0.22857142857142856
Wang2025Danceactionrecogni,Zhang2025Dynamicposerecogni,0.23529411764705885
Tang2025CollegeEnglishclas,Hu2025Constructionandapp,0.26666666666666666
Tang2025CollegeEnglishclas,He2025Personalizedteachin,0.29473684210526313
Yi2025Researchonpredicti,Meng2025Researchonadaptive,0.2782608695652174
Xie2025Individualizedcolle,Wei2025Evaluationanalysis,0.21333333333333335
Liu2025Curriculumdesignme,Li2025Seismicdesignmetho,0.21052631578947367
Liu2025Curriculumdesignme,Hu2025Amethodforimprovi,0.21052631578947367
Guo2025SimulationofChines,Wei2025Evaluationanalysis,0.20869565217391306
Xu2025Assessmentandenhan,Liu2025Researchonthecons,0.20869565217391306
Xu2025Assessmentandenhan,Guo2025Musiccultureinheri,0.26666666666666666
Xu2025Assessmentandenhan,Zhao2025Trendandfuturepro,0.24
Xu2025Assessmentandenhan,Lv2025Researchonrealtim,0.22400000000000003
Hu2025Applicationandimpr,Pu2025Designofsmartelde,0.2
Hu2025Amethodforimprovi,Liu2025Curriculumdesignme,0.21052631578947367
Zhang2025Constructionofacr,Yang2025Automatedconstructi,0.21052631578947367
Pei2025Developmentandappl,Wu2025Applicationandprac,0.25
Pei2025Developmentandappl,Lan2025Theinnovationofcu,0.21052631578947367
Zhou2025Explorethenewmode,Yuan2025Ethicalandlegalis,0.23529411764705885
Sun2025Evaluationoftraini,He2025Researchonoptimiza,0.23333333333333336
Sun2025Evaluationoftraini,Cheng2025DilemmaofcollegeE,0.21818181818181817
Sun2025Evaluationoftraini,Qian2025Qualityevaluationm,0.20869565217391306
Manoudaki2025Digitalmorphogenesi,Yan2022AComputationalFram,0.3333333333333333
Zhou2025Thefeaturedeepfus,Xing2025Intelligenttransfor,0.2
Zhou2025Thefeaturedeepfus,Zhang2025Autismemotionrecog,0.4
Zhou2025Thefeaturedeepfus,Gao2025Loadforecastingmet,0.25
Meng2025Researchonprivacy,Duan2025Intelligentplanning,0.2
Ye2025Educationalapplicat,Zhao2025Enterprisereformon,0.2
Ye2025Educationalapplicat,Hu2025Constructionandapp,0.24
Jia2025Thestructuraldetec,Zou2025Featureextractiona,0.2
Zhao2025Enterprisereformon,Ye2025Educationalapplicat,0.2
Li2025Aredcultureconten,Yang2025Shortvideocontent,0.23529411764705885
Li2025Aredcultureconten,Yang2025ImprovingaVOHEsys,0.2
Zhao2025Modelandresearcho,Shi2025Designandresearch,0.24347826086956526
Zhao2025Modelandresearcho,Zhou2025Modelingandsimulat,0.2
Zhao2025Modelandresearcho,Peng2025Constructionprogres,0.22857142857142856
Zhao2025Modelandresearcho,Tao2025Designandapplicati,0.2
Zhao2025Modelandresearcho,Dukun2025Visualpredictionmo,0.2
Zhao2025Modelandresearcho,Wang2025OptimizationofEngl,0.24
Wang2025Applicationofbigd,Wu2025Theapplicationofa,0.35555555555555557
Wang2025Applicationofbigd,Zhang2025Researchontheappl,0.20869565217391306
Wang2025Applicationofbigd,Cao2025Researchontheappl,0.26666666666666666
Wang2025Applicationofbigd,Luo2025Applicationofartif,0.28235294117647064
Wang2025Applicationofbigd,Wang2025Methodsandcontent,0.23333333333333336
Wang2025Researchonforeste,Cao2025Predictionandoptim,0.22400000000000003
Yang2025Designandcategory,Wu2025Patternrecognition,0.21818181818181817
Yang2025Designandcategory,Wei2025Evaluationanalysis,0.2
Yang2025Designandcategory,Zhou2025ApplicationofNSGA,0.20869565217391306
Yuan2025Ethicalandlegalis,Bai2025Artificialintellige,0.21333333333333335
Yuan2025Ethicalandlegalis,Li2025Theapplicationofd,0.25
Yuan2025Ethicalandlegalis,Gao2025ExplorationofEngli,0.28235294117647064
Yuan2025Ethicalandlegalis,Liu2025ConstructionofEngl,0.26666666666666666
Yuan2025Ethicalandlegalis,Lai2025Applicationofartif,0.23529411764705885
Yuan2025Ethicalandlegalis,Zhou2025Explorethenewmode,0.23529411764705885
Shi2025Designandresearch,Zhao2025Modelandresearcho,0.24347826086956526
Shi2025Designandresearch,Shen2025Performanceoptimiza,0.2
Shi2025Designandresearch,Gao2025Designofmultipler,0.2
Du2025Studyonspatialopt,Li2025Impactofmultimodal,0.2
Xie2025Digitalprotectiona,Xu2025Explorationofdigit,0.2
Xie2025Digitalprotectiona,Liu2025Constructionofuniv,0.20869565217391306
Xie2025Digitalprotectiona,Cao2025Predictionandoptim,0.23333333333333336
Liu2025Designofnetworkac,Guo2025Researchonconstruc,0.20869565217391306
Liu2025Designofnetworkac,Yang2025Vulnerabilityevalua,0.20869565217391306
Qiu2025Constructionandapp,Li2025Theapplicationofd,0.21052631578947367
Wu2025Theconstructionof,Wei2025Evaluationanalysis,0.2
Li2025Bodyposturerecogni,Chen2025Martialartsaction,0.21818181818181817
Fu2025Advancementsindigi,Liu2025Optimizinggridresi,0.22857142857142856
Liu2025StudyonEnglishlea,Ji2025Theevaluationofte,0.2
Ju2025Enhancinguserexper,Kang2025Leveragingbigdata,0.24
Shi2025Researchonintellig,Jiang2025Researchonstabilit,0.26666666666666666
Liu2025Researchonthecons,Qian2025Developmentandeval,0.2
Liu2025Researchonthecons,Cao2025Researchontheappl,0.20869565217391306
Liu2025Researchonthecons,Xu2025Assessmentandenhan,0.20869565217391306
Liu2025Researchonthecons,Wang2025OptimizationofEngl,0.22857142857142856
Liu2025Researchonthecons,He2025Personalizedteachin,0.20869565217391306
Liu2025Researchonthecons,He2025Researchonoptimiza,0.2782608695652174
Liu2025Researchonthecons,Zhang2025Constructionandopt,0.22857142857142856
Liu2025Researchonthecons,Zhang2025Developmentandappl,0.20869565217391306
Zheng2025Researchonautomati,Jin2025Applicationofcolor,0.20869565217391306
Zheng2025Researchonautomati,Li2025Researchonoptimal,0.24347826086956526
Deng2025Simulationanalysis,Jiao2025Modelingandanalysi,0.21818181818181817
Ye2025Optimizationstrateg,Zhong2025Evaluationandoptim,0.25
Ye2025Optimizationstrateg,Li2025Pathoptimizationde,0.23529411764705885
Wang2025Threatassessmentmo,Zhang2025Graphsignalprocess,0.2
Zou2025Featureextractiona,Zhang2025Explorationandprac,0.2545454545454546
Zou2025Featureextractiona,Jia2025Thestructuraldetec,0.2
Zou2025Featureextractiona,Li2025Intelligentmanageme,0.24
Zou2025Featureextractiona,Meng2025Researchonadaptive,0.2
Min2025Optimizationofpref,Cao2025Innovationandentre,0.21052631578947367
Min2025Optimizationofpref,Wu2025Optimizationofauto,0.22222222222222224
Min2025Optimizationofpref,Li2025Constructionofrura,0.22857142857142856
Min2025Optimizationofpref,Liu2025Constructionofuniv,0.24
Min2025Optimizationofpref,Gu2025Earlywarningandri,0.20869565217391306
Min2025Optimizationofpref,Zheng2025Robusttechnologyof,0.22222222222222224
Min2025Optimizationofpref,Wan2025Optimizationofcult,0.2
Huang2025Anenhanceddeeplea,Cao2025Innovationandentre,0.21052631578947367
Li2025Ecologicalefficienc,Pan2025Improveddataquery,0.26666666666666666
Zheng2025Robusttechnologyof,Zhang2025Technologyandimple,0.21818181818181817
Zheng2025Robusttechnologyof,Min2025Optimizationofpref,0.22222222222222224
Zheng2025Robusttechnologyof,Li2025Designofonlinetea,0.21052631578947367
Zhang2025Artificialneuralne,Wu2025Applicationandprac,0.2
Zhang2025DesignofEnglishte,Jin2025Researchonmultimod,0.26666666666666666
Xing2025Intelligenttransfor,Zhou2025Thefeaturedeepfus,0.2
Xing2025Intelligenttransfor,Yang2025Shortvideocontent,0.22222222222222224
Liu2025Constructionofuniv,He2025Anomalydetectional,0.21052631578947367
Liu2025Constructionofuniv,Xie2025Digitalprotectiona,0.20869565217391306
Liu2025Constructionofuniv,Wei2025Evaluationanalysis,0.2
Liu2025Constructionofuniv,Min2025Optimizationofpref,0.24
Liu2025Constructionofuniv,Cheng2025DilemmaofcollegeE,0.22857142857142856
Wu2025Optimizationofauto,Wan2025Optimizationofcult,0.21052631578947367
Wu2025Optimizationofauto,Wu2025Theoptimizationof,0.21052631578947367
Wu2025Optimizationofauto,Min2025Optimizationofpref,0.22222222222222224
Huang2025Sportsvolleyballer,Tian2025Actionrecognitiont,0.2
Liu2025Distributedsecurity,Yang2025Shortvideocontent,0.2
Wu2025Managementofcross,Wang2025OptimizationofEngl,0.2
Wu2025Managementofcross,Li2025Crossborderecomme,0.3047619047619048
Cao2025Apersonalizedrecom,Gao2025Designofmultipler,0.20869565217391306
Guo2025Musiccultureinheri,Xu2025Assessmentandenhan,0.26666666666666666
Guo2025Musiccultureinheri,Cheng2025DilemmaofcollegeE,0.22857142857142856
Li2025Crossborderecomme,Li2025Theroleofruralsp,0.2153846153846154
Li2025Crossborderecomme,Wu2025Managementofcross,0.3047619047619048
Zheng2025Dynamicinteraction,Li2025Designofonlinetea,0.20869565217391306
Kuang2025Automatedoptimizati,Li2025Economicoptimizatio,0.2
Kuang2025Automatedoptimizati,Lv2025Researchonrealtim,0.20869565217391306
Bai2025Artificialintellige,Yuan2025Ethicalandlegalis,0.21333333333333335
Bai2025Artificialintellige,Zhang2025Naturallanguagepro,0.22222222222222224
Deng2025Theworkanalysisof,Yang2025Effectivenessofcom,0.22222222222222224
He2025Personalizedteachin,Liu2025Researchonthecons,0.20869565217391306
He2025Personalizedteachin,Tang2025CollegeEnglishclas,0.29473684210526313
Yang2025ImprovingaVOHEsys,Li2025Aredcultureconten,0.2
Gao2025Designandperforman,Liu2025Optimizationandcom,0.20869565217391306
Xiao2025Innovativeapplicati,Dong2023ResearchOntheOpti,0.25
Xiao2025Innovativeapplicati,Wang2025Methodsandcontent,0.21818181818181817
Xiao2025Innovativeapplicati,Zhang2025Difficultiesandbre,0.24
Xiao2025Innovativeapplicati,Lai2025Applicationofartif,0.28235294117647064
Wang2025Studyontheeffect,Wei2025Evaluationanalysis,0.20869565217391306
Dukun2025Visualpredictionmo,Zhao2025Modelandresearcho,0.2
Zhou2025Modelingandsimulat,Zhao2025Modelandresearcho,0.2
Guo2025Intelligentrecognit,Zhou2025Improvingstudents,0.2
Liang2025Augmentingcustomer,Priya2024ComputationalPolite,0.25
Zheng2025Controlschemeofgr,Ni2025Applicationresearch,0.2
Wan2025Optimizationofcult,Wu2025Optimizationofauto,0.21052631578947367
Wan2025Optimizationofcult,Min2025Optimizationofpref,0.2
Liu2025ConstructionofEngl,Yuan2025Ethicalandlegalis,0.26666666666666666
Liu2025ConstructionofEngl,Zhang2025Constructionofakn,0.22222222222222224
Nie2025MapReducebaseddata,Ni2025Intelligenttourism,0.22857142857142856
Gao2025Designofmultipler,Shi2025Designandresearch,0.2
Gao2025Designofmultipler,Cao2025Apersonalizedrecom,0.20869565217391306
Zhang2025Graphsignalprocess,Wang2025Threatassessmentmo,0.2
Li2025Optimizationofstud,Zhu2025Explorationofartp,0.24347826086956526
Li2025Optimizationofstud,Zhao2025Constructionoftrad,0.2
Wang2025Thedesignandimple,Qian2025Developmentandeval,0.21818181818181817
Wang2025Thedesignandimple,Wei2025Bigdatasentimenta,0.21818181818181817
Wang2025Thedesignandimple,Hu2025Designofexothermic,0.2
Xu2025Applicationofartif,Chen2025Theapplicationofc,0.22857142857142856
Li2025Impactofmultimodal,Du2025Studyonspatialopt,0.2
Li2025Impactofmultimodal,Lou2025Theimpactofvirtua,0.2
Wu2025Patternrecognition,Yang2025Designandcategory,0.21818181818181817
Zhang2025Analysisoftheappl,Zhou2025ApplicationofNSGA,0.2153846153846154
Qian2025Developmentandeval,Liu2025Researchonthecons,0.2
Qian2025Developmentandeval,Wang2025Thedesignandimple,0.21818181818181817
Lv2025Harnessingeducation,Li2025Theapplicationofd,0.2
Zhan2025Designandapplicati,Xia2025Designandapplicati,0.2
Wang2025Designofautonomous,Lan2025Theinnovationofcu,0.21052631578947367
Wang2025Designofautonomous,Li2025Intelligentbuilding,0.23529411764705885
Hu2025Designofasecuree,Liu2025Optimizationandcom,0.2
Hu2025Designofasecuree,Xia2025Designandapplicati,0.22857142857142856
Kang2025Leveragingbigdata,Ju2025Enhancinguserexper,0.24
Wu2025Theoptimizationof,Wu2025Optimizationofauto,0.21052631578947367
Yang2025Vulnerabilityevalua,Fan2025Researchonintellig,0.2074074074074074
Yang2025Vulnerabilityevalua,Liu2025Designofnetworkac,0.20869565217391306
Wang2025Optimizingfeedback,Zhu2025AIpoweredfeedback,0.26666666666666666
Chen2025Enterprisefinancial,Lin2025Onlinelearningplat,0.2
Chang2025Commoditypackaging,Zhang2025Edgedevicecomputin,0.2
Chang2025Commoditypackaging,Pu2025Designofsmartelde,0.25263157894736843
Zhang2025Interiordesigndisp,Yang2025Shortvideocontent,0.21333333333333335
Duan2025Intelligentplanning,Meng2025Researchonprivacy,0.2
Chen2025Martialartsaction,Li2025Bodyposturerecogni,0.21818181818181817
Fan2025Remotesensingimage,Wang2025Imagefusionbaseds,0.26666666666666666
Li2025Theroleofruralsp,Li2025Crossborderecomme,0.2153846153846154
Tao2025Designandapplicati,Zhao2025Modelandresearcho,0.2
Tao2025Designandapplicati,Ma2025Researchonconstruc,0.26666666666666666
Tao2025Designandapplicati,Pu2025Designofsmartelde,0.26666666666666666
Cao2025Researchontheappl,Liu2025Researchonthecons,0.20869565217391306
Cao2025Researchontheappl,Wang2025Applicationofbigd,0.26666666666666666
Lin2025Onlinelearningplat,Chen2025Enterprisefinancial,0.2
Zhang2025Researchontheappl,Wang2025Methodsandcontent,0.22400000000000003
Zhang2025Researchontheappl,Wu2025Applicationandprac,0.21052631578947367
Zhang2025Researchontheappl,Wu2025Theapplicationofa,0.22857142857142856
Zhang2025Researchontheappl,Wang2025Applicationofbigd,0.20869565217391306
Yin2025Optimizedsourcegri,Li2025Methodologyfordist,0.2
Hu2025Designofexothermic,Li2025Designofonlinetea,0.2
Hu2025Designofexothermic,Gao2025Designandresearch,0.22400000000000003
Hu2025Designofexothermic,Wang2025Thedesignandimple,0.2
Pan2025Improveddataquery,Li2025Ecologicalefficienc,0.26666666666666666
Peng2025Constructionprogres,Zhao2025Modelandresearcho,0.22857142857142856
Zhou2025Improvingstudents,Wang2025Danceactionrecogni,0.22857142857142856
Zhou2025Improvingstudents,Guo2025Intelligentrecognit,0.2
He2025Researchonoptimiza,Bai2025Characteristicsanal,0.2
He2025Researchonoptimiza,Liu2025Researchonthecons,0.2782608695652174
He2025Researchonoptimiza,Sun2025Evaluationoftraini,0.23333333333333336
He2025Researchonoptimiza,Zhang2025Dynamicmodelingand,0.24347826086956526
He2025Researchonoptimiza,Wei2025Bigdatasentimenta,0.3272727272727273
He2025Researchonoptimiza,Li2025Applicationandimpr,0.2153846153846154
Li2025Pathoptimizationde,Ye2025Optimizationstrateg,0.23529411764705885
Li2025Pathoptimizationde,Wei2025Evaluationanalysis,0.21052631578947367
Yu2025Intelligentanalysis,Liu2025Visualanalysisand,0.22222222222222224
Zhang2025Constructionofakn,Liu2025ConstructionofEngl,0.22222222222222224
Feng2025Impactofeconomicp,Fan2025Astudyonthedrivi,0.2
Bai2025Constructionofinfo,Xu2025Theconstructionand,0.25263157894736843
Bai2025Constructionofinfo,Zhang2025Explorationandprac,0.27999999999999997
Bai2025Constructionofinfo,Zhang2025Constructionandopt,0.22400000000000003
Zhou2025ApplicationofNSGA,Zhang2025Analysisoftheappl,0.2153846153846154
Zhou2025ApplicationofNSGA,Yang2025Designandcategory,0.20869565217391306
Qian2025Qualityevaluationm,Wang2025OptimizationofEngl,0.24
Qian2025Qualityevaluationm,Jin2025Researchonmultimod,0.22222222222222224
Qian2025Qualityevaluationm,Sun2025Evaluationoftraini,0.20869565217391306
Yang2025Optimizationofente,Song2025Optimizationofente,0.21052631578947367
Meng2025Researchonadaptive,Li2025Constructinganadap,0.2
Meng2025Researchonadaptive,Hu2025Constructionandapp,0.20869565217391306
Meng2025Researchonadaptive,Arkin2025Phonemeconfusionmo,0.20869565217391306
Meng2025Researchonadaptive,Xu2025Explorationofdigit,0.2571428571428572
Meng2025Researchonadaptive,Yi2025Researchonpredicti,0.2782608695652174
Meng2025Researchonadaptive,Zou2025Featureextractiona,0.2
Zhang2025Constructionandopt,Liu2025Researchonthecons,0.22857142857142856
Zhang2025Constructionandopt,Bai2025Constructionofinfo,0.22400000000000003
Lai2025Applicationofartif,Xiao2025Innovativeapplicati,0.28235294117647064
Lai2025Applicationofartif,Yuan2025Ethicalandlegalis,0.23529411764705885
Zhao2025Trendandfuturepro,Cheng2025DilemmaofcollegeE,0.25263157894736843
Zhao2025Trendandfuturepro,Xu2025Assessmentandenhan,0.24
Zhao2025Trendandfuturepro,Lin2025Cultivationofinnov,0.21052631578947367
Zhang2025Explorationandprac,Zou2025Featureextractiona,0.2545454545454546
Zhang2025Explorationandprac,Bai2025Constructionofinfo,0.27999999999999997
Lin2025Sentimentanalysisa,Ji2025Theevaluationofte,0.2
Zhu2025Explorationofartp,Li2025Optimizationofstud,0.24347826086956526
Luo2025Researchonperforma,Liu2025Researchandapplica,0.21818181818181817
Tu2025Enterprisefinancial,Zhi2025Universityfinancial,0.2
Cao2025Innovationandentre,Min2025Optimizationofpref,0.21052631578947367
Cao2025Innovationandentre,Huang2025Anenhanceddeeplea,0.21052631578947367
Cao2025Innovationandentre,Lu2025Researchontheopti,0.2545454545454546
Cao2025Innovationandentre,Wang2025OptimizationofEngl,0.32941176470588235
Cao2025Innovationandentre,Liu2025Researchonsemantic,0.2
Jiao2025Modelingandanalysi,Deng2025Simulationanalysis,0.21818181818181817
Cong2025Visualmodelconstru,Xu2025Theconstructionand,0.20869565217391306
Yang2025Automatedconstructi,Zhang2025Constructionofacr,0.21052631578947367
Yang2025Automatedconstructi,Jiang2025Constructionandapp,0.2
Wang2025Constructionandsim,Li2025Analysisofinfluenc,0.2
Jiao2025Researchonarchitec,Yang2025Researchonundergro,0.27999999999999997
Jiao2025Researchonarchitec,Liu2025Researchonemotion,0.2
Tian2025Actionrecognitiont,Huang2025Sportsvolleyballer,0.2
Zhang2025Collaborativeplanni,Chen2025Optimizationoftenn,0.24
Sylemez2025ExaminingEngineerin,Kutay2022CodingwithMinecraf,0.25
Xu2025Emotionclassificati,Hua2025Deeplearninginphy,0.2
Liu2025Researchandapplica,Xiao2025Measurementandpred,0.21818181818181817
Liu2025Researchandapplica,Luo2025Researchonperforma,0.21818181818181817
Liu2025Researchonsemantic,Cao2025Predictionandoptim,0.20869565217391306
Liu2025Researchonsemantic,Wang2025OptimizationofEngl,0.25263157894736843
Liu2025Researchonsemantic,Liu2025Researchonautomati,0.23333333333333336
Liu2025Researchonsemantic,Cao2025Innovationandentre,0.2
Jiang2025Researchonstabilit,Shi2025Researchonintellig,0.26666666666666666
Xiao2025Measurementandpred,Liu2025Researchandapplica,0.21818181818181817
Chen2025Optimizationoftenn,Zhang2025Collaborativeplanni,0.24
Shen2025Performanceoptimiza,Gao2025Designandresearch,0.24615384615384617
Shen2025Performanceoptimiza,Shi2025Designandresearch,0.2
Shen2025Performanceoptimiza,Zhang2025Dynamicmodelingand,0.21818181818181817
Shen2025Performanceoptimiza,Tang2025Pathoptimizationmo,0.20869565217391306
Jin2025Applicationofcolor,Zheng2025Researchonautomati,0.20869565217391306
Gao2025Loadforecastingmet,Zhang2025Autismemotionrecog,0.25
Gao2025Loadforecastingmet,Zhou2025Thefeaturedeepfus,0.25
Li2025Methodologyfordist,Yin2025Optimizedsourcegri,0.2
Jin2025Researchonmultimod,Qian2025Qualityevaluationm,0.22222222222222224
Jin2025Researchonmultimod,Zhang2025DesignofEnglishte,0.26666666666666666
Yan2025ApplicationofWord2,Huang2025Theapplicationand,0.22222222222222224
Yi2025Analysisofstudents,Wei2025Evaluationanalysis,0.22222222222222224
Lou2025Theimpactofvirtua,Li2025Impactofmultimodal,0.2
Pu2025Designofsmartelde,Tao2025Designandapplicati,0.26666666666666666
Pu2025Designofsmartelde,Hu2025Applicationandimpr,0.2
Pu2025Designofsmartelde,Chang2025Commoditypackaging,0.25263157894736843
Zhu2025Theapplicationofa,Luo2025Applicationofartif,0.23529411764705885
Li2025Constructinganadap,Meng2025Researchonadaptive,0.2
Alqarni2025NetworkDynamicsand,Pelnek2023TheLandscapeofCom,0.25
Li2025Intelligentmanageme,Zou2025Featureextractiona,0.24
Li2025Intelligentmanageme,Zhong2025Evaluationandoptim,0.2
Li2025Intelligentmanageme,Hu2025Constructionandapp,0.2
He2025Anomalydetectional,Liu2025Constructionofuniv,0.21052631578947367
Yang2025Researchonundergro,Jiao2025Researchonarchitec,0.27999999999999997
Yang2025Researchonundergro,Zhang2025Developmentandappl,0.20869565217391306
Yang2025Shortvideocontent,Zhang2025Interiordesigndisp,0.21333333333333335
Yang2025Shortvideocontent,Li2025Aredcultureconten,0.23529411764705885
Yang2025Shortvideocontent,Wang2025Danceactionrecogni,0.22857142857142856
Yang2025Shortvideocontent,Xing2025Intelligenttransfor,0.22222222222222224
Yang2025Shortvideocontent,Liu2025Distributedsecurity,0.2
Tang2025Pathoptimizationmo,Shen2025Performanceoptimiza,0.20869565217391306
Zhang2025Dynamicmodelingand,Nie2025Dynamicoptimization,0.22857142857142856
Zhang2025Dynamicmodelingand,He2025Researchonoptimiza,0.24347826086956526
Zhang2025Dynamicmodelingand,Shen2025Performanceoptimiza,0.21818181818181817
Li2025Economicoptimizatio,Kuang2025Automatedoptimizati,0.2
Wang2025Methodsandcontent,Zhang2025Researchontheappl,0.22400000000000003
Wang2025Methodsandcontent,Xiao2025Innovativeapplicati,0.21818181818181817
Wang2025Methodsandcontent,Wang2025Applicationofbigd,0.23333333333333336
Li2025Analysisofinfluenc,Wang2025Constructionandsim,0.2
Li2025Applicationofartif,Zhu2025Theroleandprospec,0.22222222222222224
Li2025Applicationofartif,Wu2025Applicationandprac,0.49230769230769234
Liu2025Visualanalysisand,An2025Designandimplement,0.2
Liu2025Visualanalysisand,Yu2025Intelligentanalysis,0.22222222222222224
Liu2025Visualanalysisand,Yu2025Applicationandopti,0.2
Huang2025Theapplicationand,Mike2022Computationalthinki,0.26666666666666666
Huang2025Theapplicationand,Wu2025Theapplicationofa,0.22222222222222224
Huang2025Theapplicationand,Yan2025ApplicationofWord2,0.22222222222222224
Huang2025Theapplicationand,Guo2025TheapplicationofS,0.21052631578947367
Huang2025Theapplicationand,Guan2025Transformationanda,0.22222222222222224
Li2025Theapplicationofd,Lv2025Harnessingeducation,0.2
Li2025Theapplicationofd,Chen2025Theapplicationofc,0.2
Li2025Theapplicationofd,Yuan2025Ethicalandlegalis,0.25
Li2025Theapplicationofd,Qiu2025Constructionandapp,0.21052631578947367
Sun2025ImprovingComputatio,Kutay2022CodingwithMinecraf,0.2608695652173913
Memon2025Designthinkinginc,Espinal2024ProfessionalDevelop,0.5
Li2025Intelligentbuilding,Wang2025Designofautonomous,0.23529411764705885
Gu2025Earlywarningandri,Min2025Optimizationofpref,0.20869565217391306
Wang2025OptimizationofEngl,Qian2025Qualityevaluationm,0.24
Wang2025OptimizationofEngl,Liu2025Researchonthecons,0.22857142857142856
Wang2025OptimizationofEngl,Liu2025Researchonsemantic,0.25263157894736843
Wang2025OptimizationofEngl,Zhao2025Modelandresearcho,0.24
Wang2025OptimizationofEngl,Wei2025Bigdatasentimenta,0.27999999999999997
Wang2025OptimizationofEngl,Wu2025Managementofcross,0.2
Wang2025OptimizationofEngl,Cao2025Innovationandentre,0.32941176470588235
Wu2025Theapplicationofa,Huang2025Theapplicationand,0.22222222222222224
Wu2025Theapplicationofa,Wang2025Applicationofbigd,0.35555555555555557
Wu2025Theapplicationofa,Wu2025Applicationandprac,0.32000000000000006
Wu2025Theapplicationofa,Zhang2025Researchontheappl,0.22857142857142856
Luo2025Applicationofartif,Zhu2025Theapplicationofa,0.23529411764705885
Luo2025Applicationofartif,Wang2025Applicationofbigd,0.28235294117647064
Zhang2025Dynamicposerecogni,Zhang2025Deeplearningbased,0.2
Zhang2025Dynamicposerecogni,Wang2025Danceactionrecogni,0.23529411764705885
Li2025Constructionofrura,Min2025Optimizationofpref,0.22857142857142856
Dong2025Artificialintellige,Zhang2025Naturallanguagepro,0.21052631578947367
Dong2025Artificialintellige,Wu2025Applicationandprac,0.28571428571428575
Lin2025Cultivationofinnov,Zhao2025Trendandfuturepro,0.21052631578947367
Zhang2025Difficultiesandbre,Xiao2025Innovativeapplicati,0.24
